airportCode,airportName,cityName,countryName,similar,url
ABV,Abuja Nnamdi Azikiwe International,Abuja,Nigeria,[],http://logok.org/wp-content/uploads/2014/04/British-Airways-logo-ribbon-logo.png
ABZ,Aberdeen,Aberdeen,Scotland,"['budapest', 'kuala-lumpur', 'amsterdam', 'lisbon', 'the-hague', 'kigali', 'dublin', 'geneva', 'london', 'amsterdam', 'paris', 'berlin', 'vienna', 'budapest', 'lisbon', 'new-york-city', 'toronto', 'seoul', 'chiang-mai', 'bangkok', 'kuala-lumpur', 'singapore', 'ubud']",https://nomadlist.com/assets/img/cities/aberdeen-united-kingdom-500px.jpg
ACC,Accra Kotoka Intl,Accra,Ghana,"['dakar', 'seville', 'lagos', 'medellin', 'paris', 'dakar', 'nairobi', 'cairo', 'dahab', 'dar-es-salaam', 'cape-town', 'dubai', 'medellin', 'washington', 'indianapolis', 'chiang-mai', 'bangkok', 'seattle', 'san-diego', 'san-francisco']",https://nomadlist.com/assets/img/cities/accra-ghana-500px.jpg
ACE,Arrecife-Lanzarote,Lanzarote,Spain,[],http://logok.org/wp-content/uploads/2014/04/British-Airways-logo-ribbon-logo.png
AGP,Malaga Airport,Malaga,Spain,"['granada', 'seville', 'barcelona', 'amsterdam', 'paris', 'tarifa', 'madrid', 'athens', 'glasgow', 'alicante', 'tangier', 'bangkok', 'madrid', 'lisbon', 'barcelona', 'paris', 'rome', 'london', 'amsterdam', 'prague', 'berlin', 'budapest', 'new-york-city', 'san-francisco', 'bangkok', 'kuala-lumpur', 'singapore']",https://nomadlist.com/assets/img/cities/malaga-spain-500px.jpg
ALC,Alicante,Alicante,Spain,"['barcelona', 'valencia', 'lisbon', 'bilbao', 'tenerife', 'marbella', 'madrid', 'osaka', 'malaga', 'verona', 'marrakesh', 'medellin', 'valencia', 'madrid', 'barcelona', 'lisbon', 'paris', 'london', 'amsterdam', 'prague', 'berlin', 'istanbul', 'chiang-mai', 'hanoi', 'bangkok', 'hong-kong', 'singapore']",https://nomadlist.com/assets/img/cities/alicante-spain-500px.jpg
ALG,Algiers,Algiers,Algeria,"['brussels', 'rabat', 'madrid', 'rabat', 'paris', 'brussels', 'montreal', 'orlando', 'bangkok', 'honolulu']",https://nomadlist.com/assets/img/cities/algiers-algeria-500px.jpg
AMM,Amman,Amman,Jordan,"['dammam-saudi-arabia', 'tel-aviv', 'dubai', 'cairo', 'istanbul', 'nairobi', 'bangkok', 'warsaw', 'jeddah', 'san-francisco', 'doha', 'portland', 'istanbul', 'dubai', 'berlin', 'barcelona', 'paris', 'amsterdam', 'london', 'bangkok', 'kuala-lumpur', 'hong-kong', 'singapore', 'tokyo', 'new-york-city', 'san-francisco', 'los-angeles']",https://nomadlist.com/assets/img/cities/amman-jordan-500px.jpg
AMS,Amsterdam,Amsterdam,Netherlands,"['berlin', 'paris', 'brussels', 'london', 'new-york-city', 'barcelona', 'prague', 'rotterdam', 'copenhagen', 'lisbon', 'cape-town', 'bangkok', 'brussels', 'london', 'paris', 'berlin', 'prague', 'budapest', 'barcelona', 'rome', 'lisbon', 'new-york-city', 'san-francisco', 'los-angeles', 'bangkok', 'hong-kong', 'tokyo']",https://nomadlist.com/assets/img/cities/amsterdam-netherlands-500px.jpg
ANU,Antigua,Antigua,Antigua and Barbuda,"['guatemala-city', 'panajachel', 'mexico-city', 'lisbon', 'san-jose-costa-rica', 'tamarindo', 'madrid', 'playa-del-carmen', 'paris', 'seattle', 'berlin', 'san-pedro', 'playa-del-carmen', 'mexico-city', 'panama-city', 'medellin', 'new-york-city', 'san-diego', 'los-angeles', 'san-francisco', 'lisbon', 'london', 'paris', 'amsterdam', 'barcelona', 'hanoi', 'bangkok']",https://nomadlist.com/assets/img/cities/antigua-guatemala-500px.jpg
ARN,Stockholm-Arlanda,Stockholm,Sweden,"['berlin', 'copenhagen', 'gothenburg', 'helsinki', 'london', 'amsterdam', 'oslo', 'bangkok', 'tallinn', 'barcelona', 'paris', 'stuttgart', 'copenhagen', 'berlin', 'amsterdam', 'budapest', 'london', 'paris', 'rome', 'barcelona', 'lisbon', 'new-york-city', 'tokyo', 'hong-kong', 'bangkok', 'san-francisco', 'singapore']",https://nomadlist.com/assets/img/cities/stockholm-sweden-500px.jpg
ATH,Athens,Athens,Greece,"['santorini', 'london', 'budapest', 'mykonos', 'sofia', 'barcelona', 'berlin', 'rome', 'thessaloniki', 'sliema', 'lisbon', 'istanbul', 'rome', 'budapest', 'vienna', 'prague', 'berlin', 'barcelona', 'paris', 'amsterdam', 'london', 'lisbon', 'chiang-mai', 'bangkok', 'new-york-city', 'singapore', 'san-francisco']",https://nomadlist.com/assets/img/cities/athens-greece-500px.jpg
ATL,Atlanta,Atlanta,USA,"['new-york-city', 'boston', 'los-angeles', 'denver', 'seattle', 'detroit', 'lisbon', 'oslo', 'sydney', 'san-juan', 'san-diego', 'cleveland', 'chicago', 'new-york-city', 'las-vegas', 'los-angeles', 'san-francisco', 'lisbon', 'london', 'paris', 'amsterdam', 'barcelona', 'berlin', 'munich', 'prague', 'tokyo', 'bangkok']",https://nomadlist.com/assets/img/cities/atlanta-ga-united-states-500px.jpg
AUH,Abu Dhabi International,Abu Dhabi,UAE,"['dubai', 'bangkok', 'phuket', 'kuala-lumpur', 'singapore', 'istanbul', 'sydney', 'stockholm', 'kyoto', 'san-diego', 'miami', 'orlando', 'dubai', 'istanbul', 'berlin', 'chiang-mai', 'bangkok', 'phuket', 'barcelona', 'amsterdam', 'london', 'singapore', 'lisbon', 'ubud', 'new-york-city', 'miami', 'san-francisco']",https://nomadlist.com/assets/img/cities/abu-dhabi-united-arab-emirates-500px.jpg
AUS,Austin-Bergstrom,Austin,USA,"['dallas', 'san-francisco', 'new-york-city', 'los-angeles', 'albuquerque', 'detroit', 'mexico-city', 'portland', 'seattle', 'chicago', 'colorado-springs', 'san-diego', 'chicago', 'las-vegas', 'los-angeles', 'san-francisco', 'new-york-city', 'portland', 'london', 'paris', 'barcelona', 'berlin', 'prague', 'hong-kong', 'chiang-mai', 'bangkok', 'singapore']",https://nomadlist.com/assets/img/cities/austin-tx-united-states-500px.jpg
BAH,Bahrain,Bahrain,Bahrain,[],http://logok.org/wp-content/uploads/2014/04/British-Airways-logo-ribbon-logo.png
BCN,Barcelona,Barcelona,Spain,"['paris', 'london', 'madrid', 'lisbon', 'berlin', 'valencia', 'amsterdam', 'new-york-city', 'prague', 'budapest', 'bangkok', 'andorra-la-vella', 'madrid', 'paris', 'lisbon', 'london', 'amsterdam', 'vienna', 'prague', 'budapest', 'berlin', 'new-york-city', 'chiang-mai', 'san-francisco', 'bangkok', 'tokyo', 'singapore']",https://nomadlist.com/assets/img/cities/barcelona-spain-500px.jpg
BDA,Bermuda,Bermuda,Bermuda,[],http://logok.org/wp-content/uploads/2014/04/British-Airways-logo-ribbon-logo.png
BER,Berlin - All Airports,Berlin,Germany,"['prague', 'amsterdam', 'london', 'cologne', 'stockholm', 'budapest', 'barcelona', 'vienna', 'hamburg', 'paris', 'munich', 'copenhagen', 'prague', 'munich', 'vienna', 'amsterdam', 'budapest', 'paris', 'london', 'barcelona', 'lisbon', 'new-york-city', 'chiang-mai', 'bangkok', 'tokyo', 'san-francisco', 'singapore']",https://nomadlist.com/assets/img/cities/berlin-germany-500px.jpg
BEY,Beirut,Beirut,Lebanon,"['dubai', 'london', 'johannesburg', 'riyadh', 'milan', 'istanbul', 'los-angeles', 'sliema', 'amman', 'detroit', 'san-francisco', 'groningen', 'istanbul', 'dubai', 'rome', 'vienna', 'berlin', 'barcelona', 'amsterdam', 'paris', 'london', 'hong-kong', 'tokyo', 'new-york-city', 'las-vegas', 'san-francisco', 'los-angeles']",https://nomadlist.com/assets/img/cities/beirut-lebanon-500px.jpg
BFS,Belfast - All Airports,Belfast,N Ireland,"['london', 'dublin', 'cologne', 'barcelona', 'berlin', 'budapest', 'glasgow', 'prague', 'paris', 'bangkok', 'new-york-city', 'galway', 'dublin', 'london', 'amsterdam', 'paris', 'berlin', 'prague', 'barcelona', 'vienna', 'lisbon', 'budapest', 'new-york-city', 'san-francisco', 'los-angeles', 'tokyo', 'bangkok']",https://nomadlist.com/assets/img/cities/belfast-united-kingdom-500px.jpg
BGI,Barbados,Barbados,Barbados,[],http://logok.org/wp-content/uploads/2014/04/British-Airways-logo-ribbon-logo.png
BHD,Belfast City Airport,Belfast,N Ireland,"['london', 'dublin', 'cologne', 'barcelona', 'berlin', 'budapest', 'glasgow', 'prague', 'paris', 'bangkok', 'new-york-city', 'galway', 'dublin', 'london', 'amsterdam', 'paris', 'berlin', 'prague', 'barcelona', 'vienna', 'lisbon', 'budapest', 'new-york-city', 'san-francisco', 'los-angeles', 'tokyo', 'bangkok']",https://nomadlist.com/assets/img/cities/belfast-united-kingdom-500px.jpg
BIO,Bilbao,Bilbao,Spain,"['madrid', 'dublin', 'barcelona', 'berlin', 'san-sebastian', 'bordeaux', 'bangkok', 'chiang-mai', 'london', 'las-palmas', 'tallinn', 'brisbane', 'madrid', 'barcelona', 'valencia', 'seville', 'lisbon', 'paris', 'london', 'prague', 'berlin', 'vienna', 'bratislava', 'budapest', 'belgrade', 'las-palmas', 'athens']",https://nomadlist.com/assets/img/cities/bilbao-spain-500px.jpg
BJS,Beijing - All Airports,Beijing,China,"['shanghai', 'hong-kong', 'chiang-mai', 'chicago', 'london', 'tokyo', 'kuala-lumpur', 'manila', 'seoul', 'bangkok', 'warsaw', 'pyongyang', 'shanghai', 'hong-kong', 'tokyo', 'chiang-mai', 'bangkok', 'kuala-lumpur', 'singapore', 'berlin', 'prague', 'amsterdam', 'london', 'paris', 'barcelona', 'san-francisco', 'new-york-city']",https://nomadlist.com/assets/img/cities/beijing-china-500px.jpg
BKK,Bangkok,Bangkok,Thailand,"['chiang-mai', 'phuket', 'kuala-lumpur', 'singapore', 'hong-kong', 'ho-chi-minh-city', 'ubud', 'ko-samui', 'canggu', 'siem-reap', 'ko-pha-ngan', 'ko-lanta', 'chiang-mai', 'phuket', 'ho-chi-minh-city', 'kuala-lumpur', 'singapore', 'hong-kong', 'ubud', 'canggu', 'tokyo', 'berlin', 'amsterdam', 'paris', 'london', 'barcelona', 'new-york-city']",https://nomadlist.com/assets/img/cities/bangkok-thailand-500px.jpg
BLL,Billund,Billund,Denmark,[],http://logok.org/wp-content/uploads/2014/04/British-Airways-logo-ribbon-logo.png
BLQ,Bologna,Bologna,Italy,"['florence', 'munich', 'barcelona', 'budapest', 'rome', 'milan', 'wroclaw', 'dusseldorf', 'bucharest', 'verona', 'paris', 'ljubljana', 'florence', 'rome', 'vienna', 'prague', 'budapest', 'barcelona', 'paris', 'berlin', 'amsterdam', 'london', 'madrid', 'porto', 'stockholm', 'lisbon', 'san-francisco']",https://nomadlist.com/assets/img/cities/bologna-italy-500px.jpg
BLR,Kempegowda Intl,Bengaluru,India,[],http://logok.org/wp-content/uploads/2014/04/British-Airways-logo-ribbon-logo.png
BNA,Nashville,Nashville,USA,"['dallas', 'san-francisco', 'new-york-city', 'new-orleans', 'detroit', 'las-vegas', 'chicago', 'cleveland', 'austin', 'seattle', 'amsterdam', 'cairns', 'chicago', 'dallas', 'austin', 'new-york-city', 'las-vegas', 'san-francisco', 'london', 'amsterdam', 'paris', 'berlin', 'rome', 'budapest', 'hanoi', 'chiang-mai', 'ho-chi-minh-city']",https://nomadlist.com/assets/img/cities/nashville-tn-united-states-500px.jpg
BOD,Bordeaux,Bordeaux,France,"['paris', 'london', 'toulouse', 'amsterdam', 'lyon', 'geneva', 'copenhagen', 'barcelona', 'edinburgh', 'madrid', 'biarritz', 'zadar', 'biarritz', 'toulouse', 'lyon', 'barcelona', 'paris', 'nice', 'london', 'brussels', 'amsterdam', 'lisbon', 'prague', 'berlin', 'vienna', 'singapore', 'canggu']",https://nomadlist.com/assets/img/cities/bordeaux-france-500px.jpg
BOM,Mumbai,Mumbai,India,"['goa', 'bangalore', 'delhi', 'pune', 'kuala-lumpur', 'jaipur', 'dubai', 'bangkok', 'london', 'surat', 'ahmedabad', 'aurangabad', 'goa', 'bangalore', 'jaipur', 'kochi', 'delhi', 'colombo', 'bangkok', 'istanbul', 'helsinki', 'rome', 'stockholm', 'sydney', 'new-york-city', 'san-francisco', 'sao-paulo']",https://nomadlist.com/assets/img/cities/mumbai-india-500px.jpg
BOS,Boston Edward L Logan International,Boston,USA,"['new-york-city', 'san-francisco', 'chicago', 'washington', 'london', 'montreal', 'los-angeles', 'austin', 'las-vegas', 'seattle', 'rio-de-janeiro', 'toronto', 'new-york-city', 'washington', 'las-vegas', 'los-angeles', 'san-francisco', 'london', 'paris', 'amsterdam', 'barcelona', 'berlin', 'prague', 'vienna', 'budapest', 'tokyo', 'bangkok']",https://nomadlist.com/assets/img/cities/boston-ma-united-states-500px.jpg
BRU,Brussels Airport,Brussels,Belgium,"['amsterdam', 'paris', 'london', 'bruges', 'berlin', 'luxembourg', 'ghent', 'lille', 'utrecht', 'prague', 'new-york-city', 'lisbon', 'amsterdam', 'paris', 'london', 'berlin', 'prague', 'copenhagen', 'vienna', 'barcelona', 'budapest', 'rome', 'madrid', 'lisbon', 'new-york-city', 'san-francisco', 'tokyo']",https://nomadlist.com/assets/img/cities/brussels-belgium-500px.jpg
BSL,Basle Mulhouse Euroairport Swiss Ch,Basle,Switzerland,[],http://logok.org/wp-content/uploads/2014/04/British-Airways-logo-ribbon-logo.png
BUD,Budapest,Budapest,Hungary,"['vienna', 'prague', 'berlin', 'bratislava', 'barcelona', 'belgrade', 'london', 'lisbon', 'zagreb', 'amsterdam', 'krakow', 'paris', 'vienna', 'prague', 'warsaw', 'berlin', 'amsterdam', 'paris', 'london', 'barcelona', 'madrid', 'lisbon', 'new-york-city', 'chiang-mai', 'bangkok', 'kuala-lumpur', 'singapore']",https://nomadlist.com/assets/img/cities/budapest-hungary-500px.jpg
BUE,Buenos Aires - All Airports,Buenos Aires,Argentina,"['montevideo', 'santiago', 'mendoza', 'sao-paulo', 'cordoba', 'lima', 'ushuaia', 'rio-de-janeiro', 'new-york-city', 'mexico-city', 'la-paz', 'barcelona', 'santiago', 'rio-de-janeiro', 'medellin', 'new-york-city', 'lisbon', 'los-angeles', 'san-francisco', 'barcelona', 'paris', 'london', 'amsterdam', 'prague', 'berlin', 'bangkok', 'chiang-mai']",https://nomadlist.com/assets/img/cities/buenos-aires-argentina-500px.jpg
BUH,Bucharest - All Airports,Bucharest,Romania,"['brasov', 'london', 'budapest', 'berlin', 'sofia', 'belgrade', 'athens', 'lisbon', 'istanbul', 'barcelona', 'varna', 'amsterdam', 'sofia', 'istanbul', 'belgrade', 'budapest', 'vienna', 'prague', 'rome', 'berlin', 'amsterdam', 'paris', 'barcelona', 'london', 'lisbon', 'new-york-city', 'bangkok']",https://nomadlist.com/assets/img/cities/bucharest-romania-500px.jpg
BWI,Baltimore Wash.Intl,Baltimore,USA,"['san-francisco', 'washington', 'berlin', 'philadelphia', 'montreal', 'new-york-city', 'dallas', 'orlando', 'boston', 'richmond', 'sydney', 'sao-paulo', 'washington', 'new-york-city', 'toronto', 'boston', 'chicago', 'st-louis', 'orlando', 'new-orleans', 'san-diego', 'san-francisco', 'london', 'amsterdam', 'berlin', 'munich', 'dubai']",https://nomadlist.com/assets/img/cities/baltimore-md-united-states-500px.jpg
CAI,Cairo,Cairo,Egypt,"['dahab', 'amman', 'luxor', 'alexandria', 'rome', 'warsaw', 'amsterdam', 'seattle', 'dublin', 'turin', 'hamburg', 'tunis', 'istanbul', 'budapest', 'berlin', 'barcelona', 'paris', 'amsterdam', 'london', 'lisbon', 'chiang-mai', 'bangkok', 'kuala-lumpur', 'ho-chi-minh-city', 'singapore', 'tokyo', 'los-angeles']",https://nomadlist.com/assets/img/cities/cairo-egypt-500px.jpg
CDG,Paris Charles De Gaulle,Paris,France,"['london', 'amsterdam', 'barcelona', 'brussels', 'berlin', 'new-york-city', 'prague', 'milan', 'lisbon', 'budapest', 'lyon', 'bordeaux', 'london', 'amsterdam', 'barcelona', 'berlin', 'prague', 'budapest', 'lisbon', 'new-york-city', 'san-francisco', 'los-angeles', 'bangkok', 'hong-kong', 'kuala-lumpur', 'singapore', 'ubud']",https://nomadlist.com/assets/img/cities/paris-france-500px.jpg
CFU,Kerkyra,Kerkyra,Greece,[],http://logok.org/wp-content/uploads/2014/04/British-Airways-logo-ribbon-logo.png
CHI,Chicago - All Airports,Chicago,USA,"['new-york-city', 'san-francisco', 'boston', 'los-angeles', 'seattle', 'austin', 'london', 'bangkok', 'detroit', 'las-vegas', 'miami', 'washington', 'washington', 'new-york-city', 'las-vegas', 'los-angeles', 'san-francisco', 'london', 'amsterdam', 'paris', 'barcelona', 'berlin', 'prague', 'buenos-aires', 'tokyo', 'hong-kong', 'bangkok']",https://nomadlist.com/assets/img/cities/chicago-il-united-states-500px.jpg
CPH,Copenhagen,Copenhagen,Denmark,"['berlin', 'stockholm', 'oslo', 'malmo', 'barcelona', 'london', 'amsterdam', 'hamburg', 'new-york-city', 'lisbon', 'arendal', 'bangkok', 'berlin', 'stockholm', 'amsterdam', 'prague', 'london', 'budapest', 'paris', 'barcelona', 'lisbon', 'new-york-city', 'bangkok', 'tokyo', 'san-francisco', 'los-angeles', 'canggu']",https://nomadlist.com/assets/img/cities/copenhagen-denmark-500px.jpg
CPT,Cape Town,Cape Town,South Africa,"['amsterdam', 'johannesburg', 'london', 'bangkok', 'durban', 'istanbul', 'canggu', 'brussels', 'munich', 'lisbon', 'dubai', 'buenos-aires', 'barcelona', 'lisbon', 'budapest', 'paris', 'kuala-lumpur', 'berlin', 'singapore', 'london', 'amsterdam', 'ubud', 'bangkok', 'chiang-mai', 'hong-kong', 'new-york-city', 'tokyo']",https://nomadlist.com/assets/img/cities/cape-town-south-africa-500px.jpg
CTA,Catania,Catania,Italy,[],http://logok.org/wp-content/uploads/2014/04/British-Airways-logo-ribbon-logo.png
CUN,Cancun,Cancun,Mexico,"['playa-del-carmen', 'tulum', 'paris', 'miami', 'havana', 'mexico-city', 'panama-city', 'caye-caulker', 'boston', 'las-vegas', 'los-angeles', 'merida', 'playa-del-carmen', 'miami', 'mexico-city', 'new-york-city', 'las-vegas', 'los-angeles', 'san-francisco', 'madrid', 'london', 'paris', 'barcelona', 'berlin', 'prague', 'chiang-mai', 'bangkok']",https://nomadlist.com/assets/img/cities/cancun-mexico-500px.jpg
DBV,Dubrovnik,Dubrovnik,Croatia,"['split', 'kotor', 'london', 'mostar', 'zagreb', 'sofia', 'sarajevo', 'geneva', 'berlin', 'paris', 'birmingham', 'helsinki', 'split', 'budapest', 'vienna', 'munich', 'berlin', 'barcelona', 'paris', 'amsterdam', 'london', 'lisbon', 'chiang-mai', 'bangkok', 'ho-chi-minh-city', 'kuala-lumpur', 'singapore']",https://nomadlist.com/assets/img/cities/dubrovnik-croatia-500px.jpg
DEL,Delhi,Delhi,India,"['bangkok', 'agra', 'mumbai', 'bangalore', 'jaipur', 'varanasi', 'rishikesh', 'san-francisco', 'goa', 'pune', 'london', 'kathmandu', 'jaipur', 'mumbai', 'chiang-mai', 'bangkok', 'kuala-lumpur', 'singapore', 'berlin', 'tokyo', 'amsterdam', 'paris', 'london', 'barcelona', 'new-york-city', 'san-francisco', 'los-angeles']",https://nomadlist.com/assets/img/cities/delhi-india-500px.jpg
DEN,Denver,Denver,USA,"['san-francisco', 'salt-lake-city', 'chicago', 'los-angeles', 'new-york-city', 'mexico-city', 'dallas', 'cleveland', 'las-vegas', 'new-orleans', 'austin', 'seattle', 'las-vegas', 'austin', 'los-angeles', 'chicago', 'san-francisco', 'new-york-city', 'london', 'amsterdam', 'paris', 'madrid', 'berlin', 'barcelona', 'prague', 'vienna', 'tokyo']",https://nomadlist.com/assets/img/cities/denver-co-united-states-500px.jpg
DFW,Dallas Fort Worth International,Dallas Fort Worth,USA,[],http://logok.org/wp-content/uploads/2014/04/British-Airways-logo-ribbon-logo.png
DME,Moscow - Domodedevo,Moscow,Russia,"['saint-petersburg', 'berlin', 'minsk', 'budapest', 'kiev', 'amsterdam', 'new-york-city', 'lisbon', 'bangkok', 'london', 'kharkiv', 'paris', 'saint-petersburg', 'minsk', 'kiev', 'riga', 'budapest', 'berlin', 'prague', 'vienna', 'amsterdam', 'paris', 'london', 'barcelona', 'porto', 'lisbon', 'bangkok']",https://nomadlist.com/assets/img/cities/moscow-russia-500px.jpg
DUB,Dublin,Dublin,Ireland,"['london', 'berlin', 'barcelona', 'belfast', 'amsterdam', 'bilbao', 'paris', 'vienna', 'galway', 'lisbon', 'bangkok', 'san-francisco', 'london', 'amsterdam', 'brussels', 'paris', 'berlin', 'munich', 'prague', 'barcelona', 'lisbon', 'vienna', 'budapest', 'new-york-city', 'san-francisco', 'bangkok', 'singapore']",https://nomadlist.com/assets/img/cities/dublin-ireland-500px.jpg
DUR,Durban King Shaka Intl,Durban,South Africa,"['seoul', 'cape-town', 'maputo', 'johannesburg', 'canggu', 'dubai', 'hong-kong', 'bangkok', 'nairobi', 'berlin', 'port-elizabeth', 'paris', 'johannesburg', 'port-elizabeth', 'cape-town', 'windhoek', 'dubai', 'kuala-lumpur', 'singapore', 'bangkok', 'chiang-mai', 'hong-kong', 'beijing']",https://nomadlist.com/assets/img/cities/durban-south-africa-500px.jpg
DUS,Dusseldorf,Dusseldorf,Germany,"['utrecht', 'cologne', 'amsterdam', 'berlin', 'bangkok', 'dublin', 'munich', 'london', 'brussels', 'zurich', 'kassel', 'frankfurt', 'amsterdam', 'paris', 'berlin', 'prague', 'copenhagen', 'edinburgh', 'barcelona', 'lisbon', 'new-york-city', 'chiang-mai', 'bangkok', 'hong-kong', 'singapore', 'ubud', 'sydney']",https://nomadlist.com/assets/img/cities/dusseldorf-germany-500px.jpg
DXB,Dubai,Dubai,UAE,"['london', 'bangkok', 'manama', 'athens', 'amsterdam', 'geneva', 'manila', 'sliema', 'abu-dhabi', 'cape-town', 'riyadh', 'zurich', 'chiang-mai', 'berlin', 'bangkok', 'amsterdam', 'barcelona', 'paris', 'london', 'kuala-lumpur', 'singapore', 'hong-kong', 'lisbon', 'ubud', 'tokyo', 'new-york-city', 'san-francisco']",https://nomadlist.com/assets/img/cities/dubai-united-arab-emirates-500px.jpg
EDI,Edinburgh,Edinburgh,Scotland,"['london', 'berlin', 'dublin', 'barcelona', 'paris', 'belfast', 'shrewsbury', 'dusseldorf', 'hong-kong', 'newcastle-upon-tyne', 'glasgow', 'san-francisco', 'dublin', 'london', 'amsterdam', 'paris', 'berlin', 'prague', 'barcelona', 'budapest', 'lisbon', 'new-york-city', 'san-francisco', 'chiang-mai', 'bangkok', 'ho-chi-minh-city', 'kuala-lumpur']",https://nomadlist.com/assets/img/cities/edinburgh-united-kingdom-500px.jpg
EWR,Newark Nj,New York,USA,[],http://logok.org/wp-content/uploads/2014/04/British-Airways-logo-ribbon-logo.png
EZE,Buenos Aires - Ministro Pistar,Buenos Aires,Argentina,"['montevideo', 'santiago', 'mendoza', 'sao-paulo', 'cordoba', 'lima', 'ushuaia', 'rio-de-janeiro', 'new-york-city', 'mexico-city', 'la-paz', 'barcelona', 'santiago', 'rio-de-janeiro', 'medellin', 'new-york-city', 'lisbon', 'los-angeles', 'san-francisco', 'barcelona', 'paris', 'london', 'amsterdam', 'prague', 'berlin', 'bangkok', 'chiang-mai']",https://nomadlist.com/assets/img/cities/buenos-aires-argentina-500px.jpg
FAO,Faro,Faro,Portugal,[],http://logok.org/wp-content/uploads/2014/04/British-Airways-logo-ribbon-logo.png
FCO,Rome-Fiumicino,Rome,Italy,"['florence', 'vatican-city', 'naples', 'lisbon', 'barcelona', 'paris', 'venice', 'berlin', 'milan', 'madrid', 'new-york-city', 'athens', 'florence', 'budapest', 'barcelona', 'prague', 'paris', 'berlin', 'amsterdam', 'madrid', 'london', 'lisbon', 'new-york-city', 'chiang-mai', 'bangkok', 'san-francisco', 'los-angeles']",https://nomadlist.com/assets/img/cities/rome-italy-500px.jpg
FLL,Fort Lauderdale,Fort Lauderdale,USA,"['new-york-city', 'boston', 'orlando', 'des-moines', 'mexico-city', 'san-francisco', 'bangkok', 'oslo', 'miami', 'austin', 'washington', 'playa-del-carmen', 'miami', 'orlando', 'playa-del-carmen', 'new-york-city', 'san-diego', 'san-francisco', 'london', 'barcelona', 'copenhagen', 'berlin', 'prague', 'vienna', 'budapest', 'chiang-mai', 'bangkok']",https://nomadlist.com/assets/img/cities/fort-lauderdale-fl-united-states-500px.jpg
FLR,Florence,Florence,Italy,"['rome', 'venice', 'milan', 'paris', 'bologna', 'pisa', 'london', 'new-york-city', 'naples', 'prague', 'genoa', 'siena', 'venice', 'rome', 'milan', 'vienna', 'budapest', 'prague', 'barcelona', 'paris', 'berlin', 'amsterdam', 'london', 'lisbon', 'new-york-city', 'bangkok', 'san-francisco']",https://nomadlist.com/assets/img/cities/florence-italy-500px.jpg
FNC,Funchal,Funchal,Portugal,"['lisbon', 'porto', 'valencia', 'budapest', 'berlin', 'aalborg', 'lisbon', 'madrid', 'valencia', 'barcelona', 'rome', 'amsterdam', 'prague', 'berlin', 'budapest', 'new-york-city', 'chiang-mai', 'bangkok', 'tokyo', 'kuala-lumpur', 'ubud']",https://nomadlist.com/assets/img/cities/funchal-madeira-portugal-500px.jpg
FRA,Frankfurt,Frankfurt,Germany,"['palma', 'munich', 'london', 'bristol', 'paris', 'amsterdam', 'singapore', 'berlin', 'barcelona', 'hamburg', 'cologne', 'porto', 'munich', 'amsterdam', 'berlin', 'paris', 'vienna', 'london', 'budapest', 'barcelona', 'stockholm', 'madrid', 'lisbon', 'new-york-city', 'san-francisco', 'los-angeles', 'tokyo']",https://nomadlist.com/assets/img/cities/frankfurt-germany-500px.jpg
GCM,Grand Cayman,Grand Cayman,Cayman Islands,[],http://logok.org/wp-content/uploads/2014/04/British-Airways-logo-ribbon-logo.png
GIB,Gibraltar,Gibraltar,Gibraltar,"['london', 'tarifa', 'barcelona', 'marbella', 'belfast', 'cape-town', 'marrakesh', 'geneva', 'granada', 'lisbon', 'lisbon', 'barcelona', 'paris', 'london', 'munich', 'amsterdam', 'berlin', 'budapest', 'new-york-city', 'los-angeles', 'chiang-mai', 'bangkok', 'tokyo', 'kuala-lumpur', 'ubud']",https://nomadlist.com/assets/img/cities/gibraltar-gibraltar-500px.jpg
GIG,Galeao-A.C Jobim International,Rio De Janeiro,Brazil,"['sao-paulo', 'buenos-aires', 'salvador', 'santiago', 'medellin', 'london', 'belo-horizonte', 'san-francisco', 'new-york-city', 'florianopolis', 'lima', 'boston', 'sao-paulo', 'buenos-aires', 'santiago', 'lisbon', 'new-york-city', 'barcelona', 'paris', 'london', 'amsterdam', 'prague', 'budapest', 'berlin', 'los-angeles', 'san-francisco', 'bangkok']",https://nomadlist.com/assets/img/cities/rio-de-janeiro-brazil-500px.jpg
GLA,Glasgow,Glasgow,Scotland,"['london', 'edinburgh', 'dublin', 'toronto', 'milan', 'liverpool', 'belfast', 'madrid', 'copenhagen', 'singapore', 'tulum', 'galway', 'edinburgh', 'dublin', 'london', 'amsterdam', 'paris', 'berlin', 'prague', 'barcelona', 'budapest', 'new-york-city', 'san-francisco', 'los-angeles', 'chiang-mai', 'tokyo', 'bangkok']",https://nomadlist.com/assets/img/cities/glasgow-united-kingdom-500px.jpg
GND,Grenada,Grenada,Grenada,[],http://logok.org/wp-content/uploads/2014/04/British-Airways-logo-ribbon-logo.png
GOT,Gothenburg,Gothenburg,Sweden,"['stockholm', 'oslo', 'copenhagen', 'warsaw', 'bangkok', 'malmo', 'vienna', 'split', 'los-angeles', 'paris', 'amsterdam', 'budapest', 'copenhagen', 'stockholm', 'berlin', 'amsterdam', 'london', 'budapest', 'rome', 'barcelona', 'istanbul', 'hanoi', 'hong-kong', 'bangkok', 'ho-chi-minh-city', 'kuala-lumpur', 'singapore']",https://nomadlist.com/assets/img/cities/gothenburg-sweden-500px.jpg
GRU,Sao Paulo - Guarulhos,Sao Paulo,Brazil,"['rio-de-janeiro', 'buenos-aires', 'new-york-city', 'lisbon', 'florianopolis', 'salvador', 'brasilia', 'los-angeles', 'mexico-city', 'vancouver', 'curitiba', 'fortaleza', 'rio-de-janeiro', 'buenos-aires', 'santiago', 'mexico-city', 'new-york-city', 'lisbon', 'barcelona', 'paris', 'london', 'amsterdam', 'prague', 'berlin', 'budapest', 'san-francisco', 'bangkok']",https://nomadlist.com/assets/img/cities/sao-paulo-brazil-500px.jpg
GVA,Geneva,Geneva,Switzerland,"['paris', 'london', 'zurich', 'lisbon', 'rimini', 'berlin', 'amsterdam', 'moscow', 'brussels', 'lyon', 'budva', 'barcelona', 'zurich', 'paris', 'brussels', 'barcelona', 'amsterdam', 'rome', 'london', 'berlin', 'lisbon', 'new-york-city', 'bangkok', 'san-francisco', 'sao-paulo', 'taipei', 'singapore']",https://nomadlist.com/assets/img/cities/geneva-switzerland-500px.jpg
HAJ,Hanover,Hanover,Germany,[],http://logok.org/wp-content/uploads/2014/04/British-Airways-logo-ribbon-logo.png
HAM,Hamburg,Hamburg,Germany,"['berlin', 'amsterdam', 'paris', 'london', 'copenhagen', 'zurich', 'vienna', 'munich', 'barcelona', 'new-york-city', 'dubai', 'budapest', 'berlin', 'copenhagen', 'amsterdam', 'munich', 'london', 'vienna', 'paris', 'budapest', 'barcelona', 'lisbon', 'new-york-city', 'bangkok', 'san-francisco', 'kuala-lumpur', 'singapore']",https://nomadlist.com/assets/img/cities/hamburg-germany-500px.jpg
HEL,Helsinki,Helsinki,Finland,"['tallinn', 'london', 'stockholm', 'saint-petersburg', 'oslo', 'berlin', 'copenhagen', 'dublin', 'seoul', 'bangkok', 'reykjavik', 'lisbon', 'tallinn', 'stockholm', 'berlin', 'budapest', 'amsterdam', 'london', 'paris', 'barcelona', 'lisbon', 'new-york-city', 'chiang-mai', 'tokyo', 'bangkok', 'san-francisco', 'singapore']",https://nomadlist.com/assets/img/cities/helsinki-finland-500px.jpg
HER,Heraklion,Irakleion,Greece,[],http://logok.org/wp-content/uploads/2014/04/British-Airways-logo-ribbon-logo.png
HKG,Hong Kong - Chek Lap Kok,Hong Kong,Hong Kong ,"['bangkok', 'chiang-mai', 'tokyo', 'shenzhen', 'taipei', 'macau', 'shanghai', 'guangzhou', 'seoul', 'singapore', 'ho-chi-minh-city', 'hanoi', 'ho-chi-minh-city', 'chiang-mai', 'bangkok', 'seoul', 'kuala-lumpur', 'singapore', 'tokyo', 'ubud', 'berlin', 'amsterdam', 'london', 'paris', 'barcelona', 'san-francisco', 'new-york-city']",https://nomadlist.com/assets/img/cities/hong-kong-china-500px.jpg
HND,Tokyo Haneda,Tokyo,Japan,"['kyoto', 'osaka', 'seoul', 'bangkok', 'taipei', 'hong-kong', 'los-angeles', 'singapore', 'san-francisco', 'new-york-city', 'amsterdam', 'chiang-mai', 'kyoto', 'osaka', 'seoul', 'hong-kong', 'chiang-mai', 'bangkok', 'singapore', 'kuala-lumpur', 'san-francisco', 'los-angeles', 'berlin', 'amsterdam', 'london', 'paris', 'new-york-city']",https://nomadlist.com/assets/img/cities/tokyo-japan-500px.jpg
HOU,Houston - All Airports,Houston,USA,"['austin', 'seattle', 'toronto', 'los-angeles', 'dallas', 'new-york-city', 'banff', 'san-antonio', 'cancun', 'valencia', 'nashville', 'boston', 'new-orleans', 'chicago', 'washington', 'las-vegas', 'los-angeles', 'new-york-city', 'san-francisco', 'seattle', 'london', 'amsterdam', 'paris', 'barcelona', 'berlin', 'rome', 'tokyo']",https://nomadlist.com/assets/img/cities/houston-tx-united-states-500px.jpg
HYD,Hyderabad,Hyderabad,India,"['bangkok', 'bangalore', 'pune', 'london', 'visakhapatnam', 'goa', 'ho-chi-minh-city', 'toronto', 'santa-monica', 'kuala-lumpur', 'mumbai', 'kolkata', 'bangalore', 'goa', 'mumbai', 'jaipur', 'delhi', 'chiang-mai', 'bangkok', 'phuket', 'kuala-lumpur', 'singapore', 'hong-kong', 'stockholm', 'new-york-city', 'san-francisco', 'buenos-aires']",https://nomadlist.com/assets/img/cities/hyderabad-india-500px.jpg
IAD,Washington - Dulles,Washington,USA,"['new-york-city', 'boston', 'san-francisco', 'chicago', 'los-angeles', 'detroit', 'london', 'mexico-city', 'toronto', 'buenos-aires', 'baltimore', 'vancouver', 'new-york-city', 'boston', 'chicago', 'los-angeles', 'san-francisco', 'london', 'paris', 'amsterdam', 'barcelona', 'berlin', 'prague', 'vienna', 'istanbul', 'tokyo', 'bangkok']",https://nomadlist.com/assets/img/cities/washington-dc-united-states-500px.jpg
IAH,Houston George Bush Intercontinental,Houston,USA,"['austin', 'seattle', 'toronto', 'los-angeles', 'dallas', 'new-york-city', 'banff', 'san-antonio', 'cancun', 'valencia', 'nashville', 'boston', 'new-orleans', 'chicago', 'washington', 'las-vegas', 'los-angeles', 'new-york-city', 'san-francisco', 'seattle', 'london', 'amsterdam', 'paris', 'barcelona', 'berlin', 'rome', 'tokyo']",https://nomadlist.com/assets/img/cities/houston-tx-united-states-500px.jpg
IBZ,Ibiza,Ibiza,Spain,"['madrid', 'london', 'valencia', 'barcelona', 'stockholm', 'budapest', 'granada', 'split', 'zurich', 'santiago', 'dublin', 'bangkok', 'valencia', 'barcelona', 'madrid', 'lisbon', 'paris', 'london', 'amsterdam', 'prague', 'berlin', 'new-york-city', 'san-francisco', 'bangkok', 'hong-kong', 'kuala-lumpur', 'singapore']",https://nomadlist.com/assets/img/cities/ibiza-spain-500px.jpg
ICN,Seoul (Incheon Intnl),Seoul,Republic of Korea,"['tokyo', 'hong-kong', 'busan', 'bangkok', 'jeju-island', 'chiang-mai', 'shanghai', 'taipei', 'amsterdam', 'osaka', 'san-francisco', 'london', 'tokyo', 'taipei', 'hong-kong', 'chiang-mai', 'bangkok', 'kuala-lumpur', 'singapore', 'berlin', 'amsterdam', 'london', 'paris', 'san-francisco', 'los-angeles', 'barcelona', 'new-york-city']",https://nomadlist.com/assets/img/cities/seoul-south-korea-500px.jpg
IEV,Kiev - All Airports,Kiev,Ukraine,"['lviv', 'budapest', 'moscow', 'kharkiv', 'minsk', 'berlin', 'warsaw', 'bangkok', 'london', 'odessa', 'tbilisi', 'vienna', 'lviv', 'vilnius', 'warsaw', 'moscow', 'budapest', 'vienna', 'prague', 'berlin', 'amsterdam', 'paris', 'london', 'barcelona', 'lisbon', 'bangkok', 'kuala-lumpur']",https://nomadlist.com/assets/img/cities/kiev-ukraine-500px.jpg
IST,Istanbul,Istanbul,Turkey,"['tbilisi', 'bangkok', 'amsterdam', 'budapest', 'paris', 'berlin', 'sofia', 'barcelona', 'new-york-city', 'dubai', 'izmir', 'antalya', 'budapest', 'prague', 'berlin', 'amsterdam', 'barcelona', 'paris', 'london', 'lisbon', 'chiang-mai', 'bangkok', 'new-york-city', 'kuala-lumpur', 'singapore', 'tokyo', 'san-francisco']",https://nomadlist.com/assets/img/cities/istanbul-turkey-500px.jpg
JED,Jeddah,Jeddah,Saudi Arabia,"['riyadh', 'dubai', 'kuala-lumpur', 'orlando', 'vancouver', 'dammam-saudi-arabia', 'riyadh', 'amman', 'beirut', 'dubai', 'istanbul', 'florence', 'vienna', 'munich', 'male', 'kuala-lumpur', 'ubud', 'kyoto', 'tokyo', 'orlando', 'san-francisco']",https://nomadlist.com/assets/img/cities/jeddah-saudi-arabia-500px.jpg
JER,Jersey,Jersey,?,[],http://logok.org/wp-content/uploads/2014/04/British-Airways-logo-ribbon-logo.png
JFK,New York-John F Kennedy,New York,USA,[],http://logok.org/wp-content/uploads/2014/04/British-Airways-logo-ribbon-logo.png
JMK,Mykonos,Mykonos,Greece,"['santorini', 'athens', 'toronto', 'barcelona', 'bucharest', 'istanbul', 'geneva', 'dubai', 'bangkok', 'london', 'new-york-city', 'budapest', 'santorini', 'athens', 'budapest', 'vienna', 'prague', 'berlin', 'barcelona', 'paris', 'amsterdam', 'london', 'lisbon', 'bangkok', 'new-york-city', 'las-vegas', 'san-francisco']",https://nomadlist.com/assets/img/cities/mykonos-greece-500px.jpg
JNB,Johannesburg International,Johannesburg,South Africa,"['cape-town', 'beirut', 'amsterdam', 'port-louis', 'bangkok', 'london', 'dubai', 'mexico-city', 'sydney', 'haarlem', 'doha', 'paris', 'cape-town', 'dubai', 'istanbul', 'barcelona', 'munich', 'singapore', 'paris', 'berlin', 'bangkok', 'amsterdam', 'london', 'edinburgh', 'bogota', 'mexico-city', 'san-francisco']",https://nomadlist.com/assets/img/cities/johannesburg-south-africa-500px.jpg
JTR,Thira,Thira,Greece,[],http://logok.org/wp-content/uploads/2014/04/British-Airways-logo-ribbon-logo.png
KBP,Kiev Borispol Intl,Kiev,Ukraine,"['lviv', 'budapest', 'moscow', 'kharkiv', 'minsk', 'berlin', 'warsaw', 'bangkok', 'london', 'odessa', 'tbilisi', 'vienna', 'lviv', 'vilnius', 'warsaw', 'moscow', 'budapest', 'vienna', 'prague', 'berlin', 'amsterdam', 'paris', 'london', 'barcelona', 'lisbon', 'bangkok', 'kuala-lumpur']",https://nomadlist.com/assets/img/cities/kiev-ukraine-500px.jpg
KEF,Keflavik International,Reykjavik,Iceland,"['london', 'new-york-city', 'malmo', 'berlin', 'paris', 'san-francisco', 'copenhagen', 'boston', 'stockholm', 'helsinki', 'barcelona', 'amsterdam', 'london', 'amsterdam', 'paris', 'berlin', 'madrid', 'lisbon', 'barcelona', 'budapest', 'athens', 'new-york-city', 'san-francisco', 'tokyo', 'chiang-mai', 'bangkok', 'singapore']",https://nomadlist.com/assets/img/cities/reykjavik-iceland-500px.jpg
KIN,Norman Manley International,Kingston,Jamaica,"['montego-bay', 'new-orleans', 'raleigh', 'montego-bay', 'medellin', 'new-orleans', 'new-york-city', 'toronto', 'puerto-vallarta', 'denver', 'barcelona', 'budapest', 'hong-kong', 'macau', 'chiang-mai', 'manila', 'bangkok', 'singapore']",https://nomadlist.com/assets/img/cities/kingston-jamaica-500px.jpg
KRK,Krakow,Krakow,Poland,"['warsaw', 'budapest', 'prague', 'wroclaw', 'berlin', 'copenhagen', 'amsterdam', 'lodz', 'london', 'vienna', 'lviv', 'paris', 'warsaw', 'budapest', 'vienna', 'prague', 'gdansk', 'berlin', 'amsterdam', 'paris', 'london', 'barcelona', 'lisbon', 'new-york-city', 'bangkok', 'tokyo', 'san-francisco']",https://nomadlist.com/assets/img/cities/krakow-poland-500px.jpg
KUL,Kuala Lumpur International,Kuala Lumpur,Malaysia,"['bangkok', 'singapore', 'chiang-mai', 'canggu', 'george-town-penang-malaysia', 'ubud', 'ho-chi-minh-city', 'phuket', 'jakarta', 'hong-kong', 'langkawi', 'ko-lanta', 'george-town-penang-malaysia', 'singapore', 'phuket', 'ho-chi-minh-city', 'bangkok', 'chiang-mai', 'canggu', 'ubud', 'hong-kong', 'tokyo', 'berlin', 'paris', 'london', 'barcelona', 'new-york-city']",https://nomadlist.com/assets/img/cities/kuala-lumpur-malaysia-500px.jpg
KWI,Kuwait,Kuwait,Kuwait,[],http://logok.org/wp-content/uploads/2014/04/British-Airways-logo-ribbon-logo.png
LAS,Las Vegas,Las Vegas,USA,"['los-angeles', 'san-francisco', 'new-york-city', 'chicago', 'san-diego', 'boston', 'vancouver', 'london', 'kansas-city', 'denver', 'mexico-city', 'atlanta', 'los-angeles', 'san-francisco', 'chicago', 'new-york-city', 'london', 'amsterdam', 'paris', 'tokyo', 'berlin', 'barcelona', 'rome', 'hong-kong', 'chiang-mai', 'bangkok', 'singapore']",https://nomadlist.com/assets/img/cities/las-vegas-nv-united-states-500px.jpg
LAX,Los Angeles,Los Angeles,USA,"['san-francisco', 'new-york-city', 'las-vegas', 'san-diego', 'london', 'chicago', 'seattle', 'boston', 'vancouver', 'tokyo', 'portland', 'austin', 'las-vegas', 'san-francisco', 'chicago', 'new-york-city', 'london', 'tokyo', 'amsterdam', 'paris', 'berlin', 'prague', 'barcelona', 'rome', 'hong-kong', 'chiang-mai', 'bangkok']",https://nomadlist.com/assets/img/cities/los-angeles-ca-united-states-500px.jpg
LCA,Larnaca,Larnaca,Cyprus,"['limassol', 'beirut', 'panama-city', 'moscow', 'plovdiv', 'istanbul', 'chiang-mai', 'zurich', 'paphos', 'grenoble', 'los-angeles', 'split', 'budapest', 'vienna', 'berlin', 'barcelona', 'amsterdam', 'paris', 'london', 'dublin', 'porto', 'lisbon', 'chiang-mai', 'new-york-city', 'canggu', 'ubud', 'san-francisco']",https://nomadlist.com/assets/img/cities/larnaca-cyprus-500px.jpg
LED,St Petersburg,St Petersburg,Russia,[],http://logok.org/wp-content/uploads/2014/04/British-Airways-logo-ribbon-logo.png
LIM,Lima J Chavez Intl,Lima,Peru,"['cusco-peru', 'santiago', 'medellin', 'bogota', 'rio-de-janeiro', 'arequipa', 'barcelona', 'buenos-aires', 'madrid', 'mexico-city', 'cordoba', 'la-paz', 'cusco-peru', 'bogota', 'medellin', 'santiago', 'buenos-aires', 'mexico-city', 'new-york-city', 'san-francisco', 'lisbon', 'barcelona', 'london', 'paris', 'berlin', 'chiang-mai', 'bangkok']",https://nomadlist.com/assets/img/cities/lima-peru-500px.jpg
LIN,Milan-Linate,Milan,Italy,"['venice', 'london', 'florence', 'lisbon', 'budapest', 'barcelona', 'paris', 'rome', 'zurich', 'sliema', 'turin', 'vienna', 'florence', 'rome', 'vienna', 'paris', 'prague', 'barcelona', 'budapest', 'amsterdam', 'berlin', 'london', 'lisbon', 'new-york-city', 'bangkok', 'san-francisco', 'kuala-lumpur']",https://nomadlist.com/assets/img/cities/milan-italy-500px.jpg
LIS,Lisbon,Lisbon,Portugal,"['porto', 'madrid', 'london', 'barcelona', 'paris', 'amsterdam', 'berlin', 'budapest', 'rome', 'dublin', 'new-york-city', 'prague', 'porto', 'madrid', 'barcelona', 'paris', 'london', 'amsterdam', 'prague', 'berlin', 'budapest', 'new-york-city', 'san-francisco', 'chiang-mai', 'bangkok', 'kuala-lumpur', 'singapore']",https://nomadlist.com/assets/img/cities/lisbon-portugal-500px.jpg
LOS,Lagos Murtala Muhammed International,Lagos,Nigeria,"['istanbul', 'montego-bay', 'mombasa', 'dahab', 'london', 'istanbul', 'paris', 'london', 'luton', 'amsterdam', 'warsaw', 'dubai', 'moscow', 'boston', 'new-york-city', 'bogota', 'medellin', 'toronto', 'atlanta', 'san-francisco']",https://nomadlist.com/assets/img/cities/lagos-nigeria-500px.jpg
LUX,Luxembourg International,Luxembourg,Luxembourg,"['haarlem', 'london', 'frankfurt', 'amsterdam', 'trier', 'bratislava', 'brussels', 'paris', 'cape-town', 'seattle', 'rotterdam', 'buenos-aires', 'brussels', 'bruges', 'paris', 'amsterdam', 'munich', 'london', 'copenhagen', 'bratislava', 'edinburgh', 'budapest', 'chicago', 'chiang-mai', 'hong-kong', 'cape-town', 'tokyo']",https://nomadlist.com/assets/img/cities/luxembourg-luxembourg-500px.jpg
LYS,Lyon,Lyon,France,"['paris', 'sofia', 'amsterdam', 'marseille', 'barcelona', 'prague', 'madrid', 'montreal', 'rome', 'lille', 'istanbul', 'taghazout', 'paris', 'barcelona', 'amsterdam', 'london', 'rome', 'madrid', 'budapest', 'lisbon', 'toronto', 'chiang-mai', 'san-francisco', 'bangkok', 'da-nang', 'hoi-an', 'canggu']",https://nomadlist.com/assets/img/cities/lyon-france-500px.jpg
MAA,Chennai,Chennai,India,"['paris', 'seattle', 'kochi', 'kolkata', 'dhaka', 'pune', 'mumbai', 'kollam', 'bangkok', 'goa', 'medellin', 'delhi', 'delhi', 'chiang-mai', 'bangkok', 'kuala-lumpur', 'singapore', 'dubai', 'hong-kong', 'canggu', 'tokyo', 'budapest', 'berlin', 'london', 'new-york-city', 'san-francisco', 'miami']",https://nomadlist.com/assets/img/cities/chennai-india-500px.jpg
MAD,Madrid,Madrid,Spain,"['barcelona', 'lisbon', 'amsterdam', 'paris', 'budapest', 'seville', 'porto', 'valencia', 'toulouse', 'las-palmas', 'dublin', 'chiang-mai', 'lisbon', 'barcelona', 'paris', 'london', 'rome', 'amsterdam', 'prague', 'vienna', 'berlin', 'budapest', 'new-york-city', 'san-francisco', 'chiang-mai', 'bangkok', 'tokyo']",https://nomadlist.com/assets/img/cities/madrid-spain-500px.jpg
MAN,Manchester,Manchester,England,"['london', 'amsterdam', 'bangkok', 'berlin', 'glasgow', 'dublin', 'shrewsbury', 'liverpool', 'lisbon', 'stockholm', 'vatican-city', 'chongqing', 'london', 'amsterdam', 'paris', 'berlin', 'prague', 'barcelona', 'budapest', 'lisbon', 'new-york-city', 'chiang-mai', 'tokyo', 'bangkok', 'ho-chi-minh-city', 'kuala-lumpur', 'singapore']",https://nomadlist.com/assets/img/cities/manchester-united-kingdom-500px.jpg
MCO,Orlando,Orlando,USA,"['miami', 'new-york-city', 'los-angeles', 'san-francisco', 'london', 'fort-lauderdale', 'boston', 'medellin', 'denver', 'atlanta', 'vancouver', 'bangkok', 'miami', 'new-york-city', 'las-vegas', 'los-angeles', 'san-francisco', 'london', 'paris', 'amsterdam', 'barcelona', 'berlin', 'prague', 'budapest', 'tokyo', 'chiang-mai', 'bangkok']",https://nomadlist.com/assets/img/cities/orlando-fl-united-states-500px.jpg
MCT,Muscat,Muscat,Oman,"['dubai', 'paris', 'bath', 'london', 'new-york-city', 'dubai', 'beirut', 'budapest', 'berlin', 'kuala-lumpur', 'ho-chi-minh-city', 'singapore', 'barcelona', 'paris', 'london', 'marrakesh', 'ubud', 'new-york-city', 'sydney', 'san-francisco']",https://nomadlist.com/assets/img/cities/muscat-oman-500px.jpg
MEX,Mexico City,Mexico City,Mexico,"['new-york-city', 'playa-del-carmen', 'oaxaca', 'medellin', 'san-francisco', 'guadalajara', 'bogota', 'cancun', 'tulum', 'los-angeles', 'paris', 'buenos-aires', 'los-angeles', 'medellin', 'san-francisco', 'bogota', 'new-york-city', 'lisbon', 'london', 'paris', 'amsterdam', 'barcelona', 'berlin', 'prague', 'budapest', 'chiang-mai', 'bangkok']",https://nomadlist.com/assets/img/cities/mexico-city-mexico-500px.jpg
MIA,Miami,Miami,USA,"['new-york-city', 'san-francisco', 'orlando', 'los-angeles', 'barcelona', 'medellin', 'paris', 'mexico-city', 'amsterdam', 'london', 'sao-paulo', 'boston', 'new-york-city', 'los-angeles', 'san-francisco', 'lisbon', 'london', 'paris', 'amsterdam', 'barcelona', 'berlin', 'prague', 'rome', 'budapest', 'tokyo', 'chiang-mai', 'bangkok']",https://nomadlist.com/assets/img/cities/miami-fl-united-states-500px.jpg
MIL,Milan - All Airports,Milan,Italy,"['venice', 'london', 'florence', 'lisbon', 'budapest', 'barcelona', 'paris', 'rome', 'zurich', 'sliema', 'turin', 'vienna', 'florence', 'rome', 'vienna', 'paris', 'prague', 'barcelona', 'budapest', 'amsterdam', 'berlin', 'london', 'lisbon', 'new-york-city', 'bangkok', 'san-francisco', 'kuala-lumpur']",https://nomadlist.com/assets/img/cities/milan-italy-500px.jpg
MLA,Malta International,Malta,Malta,[],http://logok.org/wp-content/uploads/2014/04/British-Airways-logo-ribbon-logo.png
MLE,Velana International,Male,Maldives,"['kuwait-city', 'singapore', 'rimini', 'riyadh', 'jakarta', 'bangkok', 'paris', 'manila', 'dubai', 'bari', 'cape-town', 'new-york-city', 'dubai', 'kuala-lumpur', 'bangkok', 'singapore', 'canggu', 'ubud', 'istanbul', 'budapest', 'tokyo', 'barcelona', 'paris', 'london', 'lisbon', 'new-york-city', 'los-angeles']",https://nomadlist.com/assets/img/cities/male-maldives-500px.jpg
MOW,Moscow - All Airports,Moscow,Russia,"['saint-petersburg', 'berlin', 'minsk', 'budapest', 'kiev', 'amsterdam', 'new-york-city', 'lisbon', 'bangkok', 'london', 'kharkiv', 'paris', 'saint-petersburg', 'minsk', 'kiev', 'riga', 'budapest', 'berlin', 'prague', 'vienna', 'amsterdam', 'paris', 'london', 'barcelona', 'porto', 'lisbon', 'bangkok']",https://nomadlist.com/assets/img/cities/moscow-russia-500px.jpg
MRS,Marseille,Marseille,France,"['nice', 'rome', 'barcelona', 'london', 'lyon', 'paris', 'florence', 'monaco', 'budapest', 'bogota', 'ko-lanta', 'porto', 'barcelona', 'rome', 'paris', 'madrid', 'london', 'amsterdam', 'prague', 'budapest', 'berlin', 'lisbon', 'chiang-mai', 'bangkok', 'ko-lanta', 'ho-chi-minh-city', 'ubud']",https://nomadlist.com/assets/img/cities/marseille-france-500px.jpg
MRU,Mauritius Sir S Ramgoolam Intl,Mauritius,Mauritius,[],http://logok.org/wp-content/uploads/2014/04/British-Airways-logo-ribbon-logo.png
MSY,New Orleans,New Orleans,USA,"['dallas', 'austin', 'new-york-city', 'chicago', 'houston', 'salt-lake-city', 'san-francisco', 'lafayette', 'boston', 'orlando', 'miami', 'las-vegas', 'austin', 'chicago', 'new-york-city', 'las-vegas', 'los-angeles', 'san-francisco', 'london', 'paris', 'amsterdam', 'barcelona', 'berlin', 'prague', 'budapest', 'tokyo', 'hong-kong']",https://nomadlist.com/assets/img/cities/new-orleans-la-united-states-500px.jpg
MUC,Munich,Munich,Germany,"['berlin', 'vienna', 'barcelona', 'prague', 'paris', 'salzburg', 'budapest', 'karlsruhe', 'hamburg', 'stockholm', 'lisbon', 'amsterdam', 'prague', 'vienna', 'berlin', 'budapest', 'amsterdam', 'paris', 'london', 'barcelona', 'lisbon', 'new-york-city', 'bangkok', 'tokyo', 'san-francisco', 'los-angeles', 'singapore']",https://nomadlist.com/assets/img/cities/munich-germany-500px.jpg
MXP,Milan - Malpensa,Milan,Italy,"['venice', 'london', 'florence', 'lisbon', 'budapest', 'barcelona', 'paris', 'rome', 'zurich', 'sliema', 'turin', 'vienna', 'florence', 'rome', 'vienna', 'paris', 'prague', 'barcelona', 'budapest', 'amsterdam', 'berlin', 'london', 'lisbon', 'new-york-city', 'bangkok', 'san-francisco', 'kuala-lumpur']",https://nomadlist.com/assets/img/cities/milan-italy-500px.jpg
NAP,Naples Capodichino,Naples,Italy,"['rome', 'london', 'paris', 'lisbon', 'split', 'milan', 'amalfi', 'istanbul', 'oslo', 'marrakesh', 'bristol', 'dublin', 'rome', 'budapest', 'vienna', 'barcelona', 'paris', 'berlin', 'amsterdam', 'london', 'lisbon', 'new-york-city', 'chiang-mai', 'bangkok', 'kuala-lumpur', 'singapore', 'san-francisco']",https://nomadlist.com/assets/img/cities/naples-italy-500px.jpg
NAS,Lynden Pindling International,Nassau,Bahamas,"['vancouver', 'amsterdam', 'boston', 'london', 'eindhoven', 'havana', 'new-york-city', 'mexico-city', 'las-palmas', 'seattle', 'budapest', 'barcelona', 'orlando', 'new-york-city', 'toronto', 'montreal', 'las-vegas', 'los-angeles', 'san-francisco', 'london', 'paris', 'brussels', 'amsterdam', 'barcelona', 'berlin', 'munich', 'rome']",https://nomadlist.com/assets/img/cities/nassau-the-bahamas-500px.jpg
NBO,Nairobi,Nairobi,Kenya,"['dar-es-salaam', 'london', 'kampala', 'vancouver', 'amsterdam', 'cape-town', 'geneva', 'atlanta', 'hong-kong', 'shanghai', 'mombasa', 'harare', 'cape-town', 'rome', 'barcelona', 'berlin', 'lisbon', 'paris', 'amsterdam', 'london', 'bangkok', 'kuala-lumpur', 'hong-kong', 'shanghai', 'tokyo', 'new-york-city', 'san-francisco']",https://nomadlist.com/assets/img/cities/nairobi-kenya-500px.jpg
NCE,Nice Cote D'Azur,Nice,France,"['monaco', 'paris', 'barcelona', 'amsterdam', 'berlin', 'florence', 'the-hague', 'rome', 'nottingham', 'london', 'cannes', 'marseille', 'rome', 'barcelona', 'paris', 'vienna', 'prague', 'amsterdam', 'budapest', 'london', 'berlin', 'lisbon', 'new-york-city', 'bangkok', 'hong-kong', 'san-francisco', 'singapore']",https://nomadlist.com/assets/img/cities/nice-france-500px.jpg
NCL,Newcastle,Newcastle,England,[],http://logok.org/wp-content/uploads/2014/04/British-Airways-logo-ribbon-logo.png
NRT,Tokyo Narita,Tokyo,Japan,"['kyoto', 'osaka', 'seoul', 'bangkok', 'taipei', 'hong-kong', 'los-angeles', 'singapore', 'san-francisco', 'new-york-city', 'amsterdam', 'chiang-mai', 'kyoto', 'osaka', 'seoul', 'hong-kong', 'chiang-mai', 'bangkok', 'singapore', 'kuala-lumpur', 'san-francisco', 'los-angeles', 'berlin', 'amsterdam', 'london', 'paris', 'new-york-city']",https://nomadlist.com/assets/img/cities/tokyo-japan-500px.jpg
NYC,New York - All Airports,New York,USA,[],http://logok.org/wp-content/uploads/2014/04/British-Airways-logo-ribbon-logo.png
OAK,Oakland,Oakland,USA,"['san-francisco', 'los-angeles', 'hong-kong', 'austin', 'seattle', 'medellin', 'ho-chi-minh-city', 'bellingham', 'barcelona', 'montanita', 'london', 'monterey', 'san-francisco', 'los-angeles', 'portland', 'new-york-city', 'dublin', 'tokyo', 'osaka', 'amsterdam', 'berlin', 'lisbon', 'barcelona', 'budapest', 'hong-kong', 'chiang-mai', 'bangkok']",https://nomadlist.com/assets/img/cities/oakland-ca-united-states-500px.jpg
OPO,Porto,Oporto,Portugal,[],http://logok.org/wp-content/uploads/2014/04/British-Airways-logo-ribbon-logo.png
ORD,Chicago,Chicago,USA,"['new-york-city', 'san-francisco', 'boston', 'los-angeles', 'seattle', 'austin', 'london', 'bangkok', 'detroit', 'las-vegas', 'miami', 'washington', 'washington', 'new-york-city', 'las-vegas', 'los-angeles', 'san-francisco', 'london', 'amsterdam', 'paris', 'barcelona', 'berlin', 'prague', 'buenos-aires', 'tokyo', 'hong-kong', 'bangkok']",https://nomadlist.com/assets/img/cities/chicago-il-united-states-500px.jpg
ORL,Orlando - All Airports,Orlando,USA,"['miami', 'new-york-city', 'los-angeles', 'san-francisco', 'london', 'fort-lauderdale', 'boston', 'medellin', 'denver', 'atlanta', 'vancouver', 'bangkok', 'miami', 'new-york-city', 'las-vegas', 'los-angeles', 'san-francisco', 'london', 'paris', 'amsterdam', 'barcelona', 'berlin', 'prague', 'budapest', 'tokyo', 'chiang-mai', 'bangkok']",https://nomadlist.com/assets/img/cities/orlando-fl-united-states-500px.jpg
ORY,Orly-Paris,Paris,France,"['london', 'amsterdam', 'barcelona', 'brussels', 'berlin', 'new-york-city', 'prague', 'milan', 'lisbon', 'budapest', 'lyon', 'bordeaux', 'london', 'amsterdam', 'barcelona', 'berlin', 'prague', 'budapest', 'lisbon', 'new-york-city', 'san-francisco', 'los-angeles', 'bangkok', 'hong-kong', 'kuala-lumpur', 'singapore', 'ubud']",https://nomadlist.com/assets/img/cities/paris-france-500px.jpg
OSL,Oslo Gardermoen,Oslo,Norway,"['copenhagen', 'stockholm', 'new-york-city', 'bergen', 'utrecht', 'arendal', 'amsterdam', 'tallinn', 'berlin', 'alesund', 'barcelona', 'budapest', 'stockholm', 'copenhagen', 'tallinn', 'helsinki', 'berlin', 'amsterdam', 'prague', 'london', 'budapest', 'barcelona', 'lisbon', 'new-york-city', 'tokyo', 'bangkok', 'singapore']",https://nomadlist.com/assets/img/cities/oslo-norway-500px.jpg
OTP,Bucharest Otopeni,Bucharest,Romania,"['brasov', 'london', 'budapest', 'berlin', 'sofia', 'belgrade', 'athens', 'lisbon', 'istanbul', 'barcelona', 'varna', 'amsterdam', 'sofia', 'istanbul', 'belgrade', 'budapest', 'vienna', 'prague', 'rome', 'berlin', 'amsterdam', 'paris', 'barcelona', 'london', 'lisbon', 'new-york-city', 'bangkok']",https://nomadlist.com/assets/img/cities/bucharest-romania-500px.jpg
PAR,Paris - All Airports,Paris,France,"['london', 'amsterdam', 'barcelona', 'brussels', 'berlin', 'new-york-city', 'prague', 'milan', 'lisbon', 'budapest', 'lyon', 'bordeaux', 'london', 'amsterdam', 'barcelona', 'berlin', 'prague', 'budapest', 'lisbon', 'new-york-city', 'san-francisco', 'los-angeles', 'bangkok', 'hong-kong', 'kuala-lumpur', 'singapore', 'ubud']",https://nomadlist.com/assets/img/cities/paris-france-500px.jpg
PEK,Beijing,Beijing,China,"['shanghai', 'hong-kong', 'chiang-mai', 'chicago', 'london', 'tokyo', 'kuala-lumpur', 'manila', 'seoul', 'bangkok', 'warsaw', 'pyongyang', 'shanghai', 'hong-kong', 'tokyo', 'chiang-mai', 'bangkok', 'kuala-lumpur', 'singapore', 'berlin', 'prague', 'amsterdam', 'london', 'paris', 'barcelona', 'san-francisco', 'new-york-city']",https://nomadlist.com/assets/img/cities/beijing-china-500px.jpg
PFO,Paphos,Paphos,Cyprus,"['nottingham', 'larnaca', 'rome', 'amsterdam', 'bucharest', 'thessaloniki', 'athens', 'limassol', 'basel', 'cairo', 'tbilisi', 'bournemouth', 'athens', 'bucharest', 'budapest', 'rome', 'berlin', 'barcelona', 'amsterdam', 'london', 'lisbon', 'bangkok', 'hong-kong', 'kuala-lumpur', 'singapore', 'new-york-city', 'ubud']",https://nomadlist.com/assets/img/cities/paphos-cyprus-500px.jpg
PHL,Philadelphia,Philadelphia,USA,"['new-york-city', 'washington', 'san-francisco', 'bangkok', 'seattle', 'austin', 'manila', 'baltimore', 'miami', 'denver', 'medellin', 'playa-del-carmen', 'new-york-city', 'washington', 'las-vegas', 'los-angeles', 'san-francisco', 'london', 'paris', 'amsterdam', 'barcelona', 'berlin', 'prague', 'vienna', 'budapest', 'tokyo', 'bangkok']",https://nomadlist.com/assets/img/cities/philadelphia-pa-united-states-500px.jpg
PHX,Phoenix,Phoenix,USA,"['los-angeles', 'new-york-city', 'washington', 'las-vegas', 'bangkok', 'san-diego', 'chicago', 'seattle', 'dushanbe', 'cartagena', 'des-moines', 'lisbon', 'los-angeles', 'san-francisco', 'portland', 'chicago', 'washington', 'new-york-city', 'cartagena', 'london', 'amsterdam', 'lisbon', 'paris', 'tokyo', 'barcelona', 'rome', 'bangkok']",https://nomadlist.com/assets/img/cities/phoenix-az-united-states-500px.jpg
PMI,Palma,Palma Mallorca,Spain,[],http://logok.org/wp-content/uploads/2014/04/British-Airways-logo-ribbon-logo.png
POS,Piarco International,Port Of Spain,Trinidad and Tobago,"['toronto', 'windhoek', 'toronto', 'lisbon', 'san-francisco', 'paris', 'rome', 'gothenburg', 'berlin', 'split', 'stockholm', 'budapest', 'kyoto', 'bangkok', 'jakarta', 'bandung', 'surabaya']",https://nomadlist.com/assets/img/cities/port-of-spain-trinidad-and-tobago-500px.jpg
PRG,Prague Ruzyne International Airport,Prague,Czech Republic,"['berlin', 'budapest', 'vienna', 'barcelona', 'london', 'paris', 'amsterdam', 'munich', 'new-york-city', 'krakow', 'belgrade', 'bangkok', 'vienna', 'berlin', 'budapest', 'amsterdam', 'paris', 'london', 'barcelona', 'lisbon', 'new-york-city', 'chiang-mai', 'bangkok', 'san-francisco', 'kuala-lumpur', 'los-angeles', 'singapore']",https://nomadlist.com/assets/img/cities/prague-czechia-500px.jpg
PSA,Pisa,Pisa,Italy,"['florence', 'paris', 'barcelona', 'amsterdam', 'krakow', 'quebec-city', 'chiang-mai', 'rio-de-janeiro', 'rome', 'nantes', 'kiev', 'florence', 'venice', 'rome', 'vienna', 'barcelona', 'budapest', 'paris', 'berlin', 'london', 'porto', 'dublin', 'lisbon', 'chiang-mai', 'bangkok', 'san-francisco']",https://nomadlist.com/assets/img/cities/pisa-italy-500px.jpg
PUJ,Punta Cana International,Punta Cana,Dominican Republic,"['santo-domingo', 'new-york-city', 'lisbon', 'london', 'new-orleans', 'tokyo', 'toronto', 'calgary', 'prague', 'san-juan', 'philadelphia', 'berlin', 'new-york-city', 'los-angeles', 'san-francisco', 'lisbon', 'madrid', 'london', 'barcelona', 'paris', 'amsterdam', 'berlin', 'prague', 'tokyo', 'hong-kong', 'bangkok', 'singapore']",https://nomadlist.com/assets/img/cities/punta-cana-dominican-republic-500px.jpg
PVG,Shanghai Pu Dong,Shanghai,China,"['beijing', 'hong-kong', 'guangzhou', 'tokyo', 'seoul', 'chiang-mai', 'hangzhou', 'singapore', 'shenzhen', 'bangkok', 'taipei', 'kuala-lumpur', 'seoul', 'beijing', 'hong-kong', 'tokyo', 'chiang-mai', 'ho-chi-minh-city', 'bangkok', 'kuala-lumpur', 'singapore', 'berlin', 'amsterdam', 'london', 'paris', 'barcelona', 'new-york-city']",https://nomadlist.com/assets/img/cities/shanghai-china-500px.jpg
RAK,Marrakech,Marrakech,Morocco,[],http://logok.org/wp-content/uploads/2014/04/British-Airways-logo-ribbon-logo.png
REK,Reykjavik - All Airports,Reykjavik,Iceland,"['london', 'new-york-city', 'malmo', 'berlin', 'paris', 'san-francisco', 'copenhagen', 'boston', 'stockholm', 'helsinki', 'barcelona', 'amsterdam', 'london', 'amsterdam', 'paris', 'berlin', 'madrid', 'lisbon', 'barcelona', 'budapest', 'athens', 'new-york-city', 'san-francisco', 'tokyo', 'chiang-mai', 'bangkok', 'singapore']",https://nomadlist.com/assets/img/cities/reykjavik-iceland-500px.jpg
RIO,Rio De Janeiro - All Airports,Rio De Janeiro,Brazil,"['sao-paulo', 'buenos-aires', 'salvador', 'santiago', 'medellin', 'london', 'belo-horizonte', 'san-francisco', 'new-york-city', 'florianopolis', 'lima', 'boston', 'sao-paulo', 'buenos-aires', 'santiago', 'lisbon', 'new-york-city', 'barcelona', 'paris', 'london', 'amsterdam', 'prague', 'budapest', 'berlin', 'los-angeles', 'san-francisco', 'bangkok']",https://nomadlist.com/assets/img/cities/rio-de-janeiro-brazil-500px.jpg
ROM,Rome - All Airports,Rome,Italy,"['florence', 'vatican-city', 'naples', 'lisbon', 'barcelona', 'paris', 'venice', 'berlin', 'milan', 'madrid', 'new-york-city', 'athens', 'florence', 'budapest', 'barcelona', 'prague', 'paris', 'berlin', 'amsterdam', 'madrid', 'london', 'lisbon', 'new-york-city', 'chiang-mai', 'bangkok', 'san-francisco', 'los-angeles']",https://nomadlist.com/assets/img/cities/rome-italy-500px.jpg
RTM,Rotterdam,Rotterdam,Netherlands,"['amsterdam', 'berlin', 'paris', 'brussels', 'barcelona', 'birmingham', 'the-hague', 'london', 'frankfurt', 'munich', 'milan', 'leiden', 'amsterdam', 'london', 'frankfurt', 'paris', 'berlin', 'copenhagen', 'prague', 'vienna', 'barcelona', 'palma', 'madrid', 'new-york-city', 'san-francisco', 'los-angeles', 'tokyo']",https://nomadlist.com/assets/img/cities/rotterdam-netherlands-500px.jpg
RUH,Riyadh King Khalid International,Riyadh,Saudi Arabia,"['dubai', 'beirut', 'jeddah', 'london', 'ubud', 'brighton', 'rome', 'munich', 'casablanca', 'tokyo', 'new-york-city', 'manama', 'jeddah', 'dubai', 'beirut', 'frankfurt', 'london', 'macau', 'kyoto', 'tokyo', 'new-york-city', 'miami', 'houston', 'san-francisco', 'las-vegas', 'los-angeles']",https://nomadlist.com/assets/img/cities/riyadh-saudi-arabia-500px.jpg
SAN,San Diego,San Diego,USA,"['los-angeles', 'san-francisco', 'new-york-city', 'las-vegas', 'seattle', 'london', 'chicago', 'portland', 'austin', 'tijuana', 'mexico-city', 'paris', 'los-angeles', 'las-vegas', 'san-francisco', 'austin', 'chicago', 'new-york-city', 'boston', 'london', 'amsterdam', 'paris', 'berlin', 'prague', 'barcelona', 'chiang-mai', 'bangkok']",https://nomadlist.com/assets/img/cities/san-diego-ca-united-states-500px.jpg
SAO,Sao Paulo - All Airports,Sao Paulo,Brazil,"['rio-de-janeiro', 'buenos-aires', 'new-york-city', 'lisbon', 'florianopolis', 'salvador', 'brasilia', 'los-angeles', 'mexico-city', 'vancouver', 'curitiba', 'fortaleza', 'rio-de-janeiro', 'buenos-aires', 'santiago', 'mexico-city', 'new-york-city', 'lisbon', 'barcelona', 'paris', 'london', 'amsterdam', 'prague', 'berlin', 'budapest', 'san-francisco', 'bangkok']",https://nomadlist.com/assets/img/cities/sao-paulo-brazil-500px.jpg
SCL,Santiago,Santiago,Chile,"['buenos-aires', 'lima', 'san-pedro-de-atacama', 'valparaiso', 'rio-de-janeiro', 'cusco-peru', 'sao-paulo', 'medellin', 'barcelona', 'montevideo', 'mexico-city', 'vina-del-mar', 'buenos-aires', 'cusco-peru', 'lima', 'rio-de-janeiro', 'mexico-city', 'new-york-city', 'los-angeles', 'san-francisco', 'barcelona', 'paris', 'london', 'amsterdam', 'prague', 'berlin', 'bangkok']",https://nomadlist.com/assets/img/cities/santiago-chile-500px.jpg
SEA,Seattle,Seattle,USA,"['san-francisco', 'portland', 'vancouver', 'new-york-city', 'san-diego', 'los-angeles', 'chicago', 'austin', 'boston', 'london', 'denver', 'victoria', 'vancouver', 'portland', 'san-francisco', 'los-angeles', 'chicago', 'new-york-city', 'london', 'amsterdam', 'paris', 'berlin', 'prague', 'barcelona', 'chiang-mai', 'bangkok', 'singapore']",https://nomadlist.com/assets/img/cities/seattle-wa-united-states-500px.jpg
SEL,Seoul - All Airports,Seoul,Republic of Korea,"['tokyo', 'hong-kong', 'busan', 'bangkok', 'jeju-island', 'chiang-mai', 'shanghai', 'taipei', 'amsterdam', 'osaka', 'san-francisco', 'london', 'tokyo', 'taipei', 'hong-kong', 'chiang-mai', 'bangkok', 'kuala-lumpur', 'singapore', 'berlin', 'amsterdam', 'london', 'paris', 'san-francisco', 'los-angeles', 'barcelona', 'new-york-city']",https://nomadlist.com/assets/img/cities/seoul-south-korea-500px.jpg
SEZ,Seychelles,Mahe Island,Seychelles,[],http://logok.org/wp-content/uploads/2014/04/British-Airways-logo-ribbon-logo.png
SFO,San Francisco,San Francisco,USA,"['new-york-city', 'los-angeles', 'las-vegas', 'london', 'seattle', 'portland', 'mexico-city', 'chicago', 'san-diego', 'bangkok', 'vancouver', 'boston', 'los-angeles', 'las-vegas', 'new-york-city', 'boston', 'tokyo', 'london', 'amsterdam', 'paris', 'berlin', 'lisbon', 'prague', 'barcelona', 'budapest', 'hong-kong', 'bangkok']",https://nomadlist.com/assets/img/cities/san-francisco-ca-united-states-500px.jpg
SHA,Shanghai - All Airports,Shanghai,China,"['beijing', 'hong-kong', 'guangzhou', 'tokyo', 'seoul', 'chiang-mai', 'hangzhou', 'singapore', 'shenzhen', 'bangkok', 'taipei', 'kuala-lumpur', 'seoul', 'beijing', 'hong-kong', 'tokyo', 'chiang-mai', 'ho-chi-minh-city', 'bangkok', 'kuala-lumpur', 'singapore', 'berlin', 'amsterdam', 'london', 'paris', 'barcelona', 'new-york-city']",https://nomadlist.com/assets/img/cities/shanghai-china-500px.jpg
SIN,Singapore,Singapore,Singapore,"['canggu', 'bangkok', 'kuala-lumpur', 'ubud', 'chiang-mai', 'hong-kong', 'london', 'ho-chi-minh-city', 'taipei', 'george-town-penang-malaysia', 'phuket', 'melbourne', 'kuala-lumpur', 'ho-chi-minh-city', 'bangkok', 'canggu', 'ubud', 'chiang-mai', 'hong-kong', 'tokyo', 'berlin', 'amsterdam', 'paris', 'london', 'barcelona', 'san-francisco', 'new-york-city']",https://nomadlist.com/assets/img/cities/singapore-singapore-500px.jpg
SJC,San Jose International Airport,San Jose,USA,"['san-francisco', 'paris', 'new-york-city', 'san-diego', 'honolulu', 'las-vegas', 'graz', 'sydney', 'puerto-vallarta', 'bangkok', 'raleigh', 'berlin', 'san-francisco', 'los-angeles', 'las-vegas', 'new-york-city', 'tokyo', 'london', 'stockholm', 'amsterdam', 'copenhagen', 'paris', 'lisbon', 'berlin', 'prague', 'barcelona', 'singapore']",https://nomadlist.com/assets/img/cities/san-jose-ca-united-states-500px.jpg
SJO,Sanjose,San Jose,Costa Rica,"['san-francisco', 'paris', 'new-york-city', 'san-diego', 'honolulu', 'las-vegas', 'graz', 'sydney', 'puerto-vallarta', 'bangkok', 'raleigh', 'berlin', 'san-francisco', 'los-angeles', 'las-vegas', 'new-york-city', 'tokyo', 'london', 'stockholm', 'amsterdam', 'copenhagen', 'paris', 'lisbon', 'berlin', 'prague', 'barcelona', 'singapore']",https://nomadlist.com/assets/img/cities/san-jose-ca-united-states-500px.jpg
SKB,Robert L Bradshaw International,St Kitts,St Kitts and Nevis,[],http://logok.org/wp-content/uploads/2014/04/British-Airways-logo-ribbon-logo.png
SKG,Thessaloniki,Thessaloniki,Greece,"['athens', 'sofia', 'tirana', 'krakow', 'warsaw', 'boston', 'skopje', 'porto', 'vienna', 'bangkok', 'budapest', 'plovdiv', 'sofia', 'athens', 'budapest', 'vienna', 'prague', 'berlin', 'barcelona', 'paris', 'amsterdam', 'london', 'lisbon', 'new-york-city', 'bangkok', 'kuala-lumpur', 'san-francisco']",https://nomadlist.com/assets/img/cities/thessaloniki-greece-500px.jpg
SLU,St Lucia - All Airports,St Lucia,St Lucia,[],http://logok.org/wp-content/uploads/2014/04/British-Airways-logo-ribbon-logo.png
SOF,Sofia Vrazhdebna,Sofia,Bulgaria,"['belgrade', 'istanbul', 'bansko', 'athens', 'plovdiv', 'london', 'paris', 'chiang-mai', 'barcelona', 'lyon', 'bucharest', 'nis', 'belgrade', 'istanbul', 'athens', 'budapest', 'prague', 'berlin', 'barcelona', 'paris', 'london', 'lisbon', 'chiang-mai', 'new-york-city', 'bangkok', 'kuala-lumpur', 'san-francisco']",https://nomadlist.com/assets/img/cities/sofia-bulgaria-500px.jpg
STO,Stockholm - All Airports,Stockholm,Sweden,"['berlin', 'copenhagen', 'gothenburg', 'helsinki', 'london', 'amsterdam', 'oslo', 'bangkok', 'tallinn', 'barcelona', 'paris', 'stuttgart', 'copenhagen', 'berlin', 'amsterdam', 'budapest', 'london', 'paris', 'rome', 'barcelona', 'lisbon', 'new-york-city', 'tokyo', 'hong-kong', 'bangkok', 'san-francisco', 'singapore']",https://nomadlist.com/assets/img/cities/stockholm-sweden-500px.jpg
STR,Stuttgart,Stuttgart,Germany,"['berlin', 'stockholm', 'san-francisco', 'bangkok', 'los-angeles', 'amsterdam', 'cologne', 'helsinki', 'medellin', 'aachen', 'warsaw', 'porto', 'cologne', 'berlin', 'nice', 'stockholm', 'riga', 'lisbon', 'new-york-city', 'salt-lake-city', 'austin', 'san-francisco', 'los-angeles', 'santa-teresa', 'singapore', 'canggu']",https://nomadlist.com/assets/img/cities/stuttgart-germany-500px.jpg
SVQ,Seville,Seville,Spain,"['granada', 'barcelona', 'madrid', 'malaga', 'lisbon', 'paris', 'marrakesh', 'cordoba', 'london', 'tarifa', 'bilbao', 'gibraltar', 'malaga', 'granada', 'lisbon', 'madrid', 'barcelona', 'paris', 'london', 'rome', 'amsterdam', 'berlin', 'budapest', 'san-francisco', 'chiang-mai', 'bangkok', 'kuala-lumpur']",https://nomadlist.com/assets/img/cities/seville-spain-500px.jpg
SYD,Sydney,Sydney,Australia,"['melbourne', 'auckland', 'brisbane', 'singapore', 'vienna', 'canggu', 'perth', 'tokyo', 'los-angeles', 'london', 'san-francisco', 'hobart', 'melbourne', 'brisbane', 'ubud', 'singapore', 'hong-kong', 'bangkok', 'tokyo', 'chiang-mai', 'san-francisco', 'new-york-city', 'berlin', 'amsterdam', 'paris', 'london', 'barcelona']",https://nomadlist.com/assets/img/cities/sydney-australia-500px.jpg
SZG,Salzburg,Salzburg,Austria,"['vienna', 'munich', 'graz', 'bern', 'prague', 'nottingham', 'london', 'bratislava', 'cologne', 'porto', 'el-gouna', 'sheffield', 'munich', 'vienna', 'prague', 'budapest', 'berlin', 'brussels', 'amsterdam', 'paris', 'london', 'new-york-city', 'chiang-mai', 'bangkok', 'hong-kong', 'tokyo', 'san-francisco']",https://nomadlist.com/assets/img/cities/salzburg-austria-500px.jpg
TCI,Tenerife - All Airports,Tenerife,Spain,"['barcelona', 'budapest', 'madrid', 'milan', 'valencia', 'las-palmas', 'berlin', 'krakow', 'edinburgh', 'amsterdam', 'lyon', 'bangkok', 'lisbon', 'madrid', 'barcelona', 'paris', 'london', 'milan', 'rome', 'amsterdam', 'prague', 'berlin', 'budapest', 'new-york-city', 'bangkok', 'ho-chi-minh-city', 'kuala-lumpur']",https://nomadlist.com/assets/img/cities/tenerife-canary-islands-spain-500px.jpg
TFS,Tenerife-Sur Reina Sofia,Tenerife,Spain,"['barcelona', 'budapest', 'madrid', 'milan', 'valencia', 'las-palmas', 'berlin', 'krakow', 'edinburgh', 'amsterdam', 'lyon', 'bangkok', 'lisbon', 'madrid', 'barcelona', 'paris', 'london', 'milan', 'rome', 'amsterdam', 'prague', 'berlin', 'budapest', 'new-york-city', 'bangkok', 'ho-chi-minh-city', 'kuala-lumpur']",https://nomadlist.com/assets/img/cities/tenerife-canary-islands-spain-500px.jpg
TIA,Tirana Nene Tereza International,Tirana,Albania,"['paris', 'skopje', 'pristina', 'bari', 'istanbul', 'podgorica', 'budapest', 'frankfurt', 'sofia', 'milan', 'krakow', 'leipzig', 'sofia', 'belgrade', 'athens', 'bucharest', 'budapest', 'vienna', 'prague', 'berlin', 'barcelona', 'paris', 'amsterdam', 'london', 'lisbon', 'kuala-lumpur', 'singapore']",https://nomadlist.com/assets/img/cities/tirana-albania-500px.jpg
TLS,Toulouse Blagnac,Toulouse,France,"['madrid', 'paris', 'london', 'barcelona', 'berlin', 'rouen', 'warsaw', 'montpellier', 'bordeaux', 'lisbon', 'nantes', 'malaga', 'barcelona', 'madrid', 'paris', 'luxembourg', 'london', 'seville', 'amsterdam', 'prague', 'vienna', 'berlin', 'edinburgh', 'budapest', 'las-palmas', 'boston', 'new-york-city']",https://nomadlist.com/assets/img/cities/toulouse-france-500px.jpg
TLV,Tel Aviv,Tel Aviv Yafo,Israel,[],http://logok.org/wp-content/uploads/2014/04/British-Airways-logo-ribbon-logo.png
TPA,Tampa,Tampa,USA,"['austin', 'minneapolis', 'san-antonio', 'madison', 'fort-lauderdale', 'key-west', 'dallas', 'ankara', 'mexico-city', 'new-orleans', 'ko-phi-phi', 'las-vegas', 'miami', 'new-orleans', 'washington', 'austin', 'new-york-city', 'toronto', 'mexico-city', 'medellin', 'san-francisco', 'london', 'paris', 'amsterdam', 'berlin', 'prague', 'tokyo']",https://nomadlist.com/assets/img/cities/tampa-fl-united-states-500px.jpg
TRN,Turin,Turin,Italy,"['florence', 'venice', 'milan', 'barcelona', 'sliema', 'split', 'rome', 'hong-kong', 'poznan', 'verona', 'san-jose', 'sofia', 'florence', 'paris', 'barcelona', 'brussels', 'prague', 'amsterdam', 'budapest', 'london', 'berlin', 'dublin', 'lisbon', 'new-york-city', 'bangkok', 'san-francisco', 'tokyo']",https://nomadlist.com/assets/img/cities/turin-italy-500px.jpg
TXL,Berlin Tegel,Berlin,Germany,"['prague', 'amsterdam', 'london', 'cologne', 'stockholm', 'budapest', 'barcelona', 'vienna', 'hamburg', 'paris', 'munich', 'copenhagen', 'prague', 'munich', 'vienna', 'amsterdam', 'budapest', 'paris', 'london', 'barcelona', 'lisbon', 'new-york-city', 'chiang-mai', 'bangkok', 'tokyo', 'san-francisco', 'singapore']",https://nomadlist.com/assets/img/cities/berlin-germany-500px.jpg
TYO,Tokyo - All Airports,Tokyo,Japan,"['kyoto', 'osaka', 'seoul', 'bangkok', 'taipei', 'hong-kong', 'los-angeles', 'singapore', 'san-francisco', 'new-york-city', 'amsterdam', 'chiang-mai', 'kyoto', 'osaka', 'seoul', 'hong-kong', 'chiang-mai', 'bangkok', 'singapore', 'kuala-lumpur', 'san-francisco', 'los-angeles', 'berlin', 'amsterdam', 'london', 'paris', 'new-york-city']",https://nomadlist.com/assets/img/cities/tokyo-japan-500px.jpg
UVF,St Lucia,St Lucia,St Lucia,[],http://logok.org/wp-content/uploads/2014/04/British-Airways-logo-ribbon-logo.png
VCE,Venice,Venice,Italy,"['florence', 'rome', 'milan', 'bologna', 'vienna', 'paris', 'barcelona', 'prague', 'london', 'berlin', 'brussels', 'budapest', 'florence', 'milan', 'rome', 'vienna', 'prague', 'budapest', 'berlin', 'paris', 'barcelona', 'amsterdam', 'london', 'new-york-city', 'chiang-mai', 'bangkok', 'san-francisco']",https://nomadlist.com/assets/img/cities/venice-italy-500px.jpg
VIE,Vienna,Vienna,Austria,"['budapest', 'prague', 'bratislava', 'berlin', 'dublin', 'new-york-city', 'graz', 'sydney', 'paris', 'munich', 'san-francisco', 'amsterdam', 'budapest', 'prague', 'munich', 'berlin', 'rome', 'brussels', 'amsterdam', 'paris', 'london', 'barcelona', 'lisbon', 'new-york-city', 'bangkok', 'tokyo', 'san-francisco']",https://nomadlist.com/assets/img/cities/vienna-austria-500px.jpg
VLC,Valencia,Valencia,Spain,"['barcelona', 'madrid', 'lisbon', 'ibiza', 'seville', 'budapest', 'paris', 'granada', 'alicante', 'prague', 'sofia', 'london', 'madrid', 'barcelona', 'lisbon', 'paris', 'london', 'amsterdam', 'prague', 'berlin', 'budapest', 'new-york-city', 'chiang-mai', 'san-francisco', 'bangkok', 'kuala-lumpur', 'singapore']",https://nomadlist.com/assets/img/cities/valencia-spain-500px.jpg
VRN,Verona,Verona,Italy,"['venice', 'bologna', 'trento', 'toronto', 'kuala-lumpur', 'lisbon', 'seoul', 'sliema', 'treviso', 'moscow', 'portsmouth', 'basel', 'venice', 'milan', 'rome', 'vienna', 'prague', 'budapest', 'paris', 'brussels', 'berlin', 'barcelona', 'amsterdam', 'warsaw', 'london', 'stockholm', 'new-york-city']",https://nomadlist.com/assets/img/cities/verona-italy-500px.jpg
WAS,Washington - All Airports,Washington,USA,"['new-york-city', 'boston', 'san-francisco', 'chicago', 'los-angeles', 'detroit', 'london', 'mexico-city', 'toronto', 'buenos-aires', 'baltimore', 'vancouver', 'new-york-city', 'boston', 'chicago', 'los-angeles', 'san-francisco', 'london', 'paris', 'amsterdam', 'barcelona', 'berlin', 'prague', 'vienna', 'istanbul', 'tokyo', 'bangkok']",https://nomadlist.com/assets/img/cities/washington-dc-united-states-500px.jpg
WAW,Frederic Chopin,Warsaw,Poland,"['krakow', 'berlin', 'london', 'vilnius', 'barcelona', 'kiev', 'budapest', 'paris', 'lisbon', 'prague', 'bangkok', 'wroclaw', 'krakow', 'prague', 'berlin', 'budapest', 'amsterdam', 'rome', 'paris', 'london', 'barcelona', 'lisbon', 'new-york-city', 'bangkok', 'tokyo', 'kuala-lumpur', 'san-francisco']",https://nomadlist.com/assets/img/cities/warsaw-poland-500px.jpg
YMQ,Montreal - All Airports,Montreal,Canada,"['toronto', 'new-york-city', 'vancouver', 'quebec-city', 'paris', 'san-francisco', 'boston', 'lisbon', 'ottawa', 'bangkok', 'seattle', 'hong-kong', 'toronto', 'new-york-city', 'vancouver', 'san-francisco', 'london', 'lisbon', 'amsterdam', 'paris', 'barcelona', 'berlin', 'tokyo', 'hong-kong', 'chiang-mai', 'bangkok', 'singapore']",https://nomadlist.com/assets/img/cities/montreal-canada-500px.jpg
YTO,Toronto - All Airports,Toronto,Canada,"['montreal', 'vancouver', 'new-york-city', 'london', 'ottawa', 'los-angeles', 'san-francisco', 'chicago', 'quebec-city', 'amsterdam', 'calgary', 'detroit', 'montreal', 'new-york-city', 'vancouver', 'los-angeles', 'san-francisco', 'london', 'amsterdam', 'paris', 'barcelona', 'berlin', 'tokyo', 'hong-kong', 'chiang-mai', 'bangkok', 'singapore']",https://nomadlist.com/assets/img/cities/toronto-canada-500px.jpg
YUL,Montreal - Dorval,Montreal,Canada,"['toronto', 'new-york-city', 'vancouver', 'quebec-city', 'paris', 'san-francisco', 'boston', 'lisbon', 'ottawa', 'bangkok', 'seattle', 'hong-kong', 'toronto', 'new-york-city', 'vancouver', 'san-francisco', 'london', 'lisbon', 'amsterdam', 'paris', 'barcelona', 'berlin', 'tokyo', 'hong-kong', 'chiang-mai', 'bangkok', 'singapore']",https://nomadlist.com/assets/img/cities/montreal-canada-500px.jpg
YVR,Vancouver,Vancouver,Canada,"['seattle', 'toronto', 'new-york-city', 'san-francisco', 'portland', 'los-angeles', 'bangkok', 'london', 'calgary', 'tokyo', 'edmonton', 'montreal', 'seattle', 'portland', 'san-francisco', 'los-angeles', 'toronto', 'new-york-city', 'tokyo', 'london', 'amsterdam', 'paris', 'berlin', 'madrid', 'rome', 'chiang-mai', 'bangkok']",https://nomadlist.com/assets/img/cities/vancouver-canada-500px.jpg
YYC,Calgary,Calgary,Canada,"['vancouver', 'banff', 'toronto', 'seattle', 'taipei', 'san-francisco', 'saskatoon', 'montreal', 'chiang-mai', 'london', 'orlando', 'tampa', 'banff', 'vancouver', 'seattle', 'san-francisco', 'los-angeles', 'toronto', 'montreal', 'new-york-city', 'orlando', 'london', 'paris', 'berlin', 'madrid', 'barcelona', 'chiang-mai']",https://nomadlist.com/assets/img/cities/calgary-canada-500px.jpg
YYZ,Toronto Lester B Pearson International,Toronto,Canada,"['montreal', 'vancouver', 'new-york-city', 'london', 'ottawa', 'los-angeles', 'san-francisco', 'chicago', 'quebec-city', 'amsterdam', 'calgary', 'detroit', 'montreal', 'new-york-city', 'vancouver', 'los-angeles', 'san-francisco', 'london', 'amsterdam', 'paris', 'barcelona', 'berlin', 'tokyo', 'hong-kong', 'chiang-mai', 'bangkok', 'singapore']",https://nomadlist.com/assets/img/cities/toronto-canada-500px.jpg
ZAG,Zagreb Franjo Tudman,Zagreb,Croatia,"['split', 'ljubljana', 'belgrade', 'budapest', 'berlin', 'bangkok', 'zadar', 'vienna', 'rome', 'banja-luka', 'prague', 'osijek', 'split', 'vienna', 'budapest', 'belgrade', 'prague', 'berlin', 'amsterdam', 'barcelona', 'london', 'lisbon', 'new-york-city', 'chiang-mai', 'bangkok', 'kuala-lumpur', 'singapore']",https://nomadlist.com/assets/img/cities/zagreb-croatia-500px.jpg
ZRH,Zurich,Zurich,Switzerland,"['berlin', 'london', 'prague', 'budapest', 'paris', 'florence', 'dusseldorf', 'bangkok', 'milan', 'chiang-mai', 'munich', 'geneva', 'paris', 'prague', 'vienna', 'amsterdam', 'berlin', 'london', 'budapest', 'barcelona', 'lisbon', 'new-york-city', 'bangkok', 'hong-kong', 'san-francisco', 'tokyo', 'singapore']",https://nomadlist.com/assets/img/cities/zurich-switzerland-500px.jpg
HDW,Hedwig Airport,Hogwarts,United Kingdom,[],http://logok.org/wp-content/uploads/2014/04/British-Airways-logo-ribbon-logo.png
MOR,Mordor Airport,Mordor,Middle Earth,[],http://logok.org/wp-content/uploads/2014/04/British-Airways-logo-ribbon-logo.png
